{
    "classification_report": {
        "0": {
            "precision": 0.8385608856088561,
            "recall": 0.8774131274131274,
            "f1-score": 0.8575471698113207,
            "support": 1036.0
        },
        "1": {
            "precision": 0.6092307692307692,
            "recall": 0.5308310991957105,
            "f1-score": 0.5673352435530086,
            "support": 373.0
        },
        "accuracy": 0.7856635911994322,
        "macro avg": {
            "precision": 0.7238958274198126,
            "recall": 0.7041221133044189,
            "f1-score": 0.7124412066821646,
            "support": 1409.0
        },
        "weighted avg": {
            "precision": 0.777851067717425,
            "recall": 0.7856635911994322,
            "f1-score": 0.7807203078564943,
            "support": 1409.0
        }
    },
    "roc_auc": 0.8331616756549733
}